id;nom;prenom;age;ville
1;a applications;connecting incubate;86430;orchestrate reboot
2;fault-tolerant a;b Car Consultant;59371;infrastructure Stagiaire neural
3;copying Chair;Ergonomic context-sensitive;31704;Unbranded Electronics open-source
4;Incredible magenta;homogeneous process magenta;7664;capacitor Tuvalu convergence
5;robust Garden Jewelery;channels Architecte;53084;Bolivar disintermediate Pastourelle
6;a;Chili Shoes Personal;28398;hacking secured eyeballs
7;architect strategize engage;Credit bypass Delesseux;67880;Steel invoice Gorgeous
8;systems;bypass Yen recontextualize;31510;hack
9;IB;COM Towels;34890;Rubber
10;back-end Islands cross-media;b;29294;transition Superviseur Loan
